Datetime,Water Level (m)
2025-03-09 12:00:00,-0.081601016
2025-03-09 13:00:00,0.3710167
2025-03-09 14:00:00,0.7143831
2025-03-09 15:00:00,0.8456175
2025-03-09 16:00:00,0.7317951
2025-03-09 17:00:00,0.38408306
2025-03-09 18:00:00,-0.13021538
2025-03-09 19:00:00,-0.7248148
2025-03-09 20:00:00,-1.2440356
2025-03-09 21:00:00,-1.5755814
2025-03-09 22:00:00,-1.6470245
2025-03-09 23:00:00,-1.414188
2025-03-10 00:00:00,-0.95204353
2025-03-10 01:00:00,-0.42451194
2025-03-10 02:00:00,0.04222361
2025-03-10 03:00:00,0.3935669
2025-03-10 04:00:00,0.51881033
2025-03-10 05:00:00,0.36862874
2025-03-10 06:00:00,0.016403478
2025-03-10 07:00:00,-0.46971124
2025-03-10 08:00:00,-0.9691456
2025-03-10 09:00:00,-1.3397367
2025-03-10 10:00:00,-1.4636775
2025-03-10 11:00:00,-1.2547925
2025-03-10 12:00:00,-0.73053896
2025-03-10 13:00:00,-0.09620341
2025-03-10 14:00:00,0.5026791
2025-03-10 15:00:00,0.9312453
2025-03-10 16:00:00,1.0686337
2025-03-10 17:00:00,0.87575126
2025-03-10 18:00:00,0.41313782
2025-03-10 19:00:00,-0.21554968
2025-03-10 20:00:00,-0.9091702
2025-03-10 21:00:00,-1.4921272
2025-03-10 22:00:00,-1.8504733
2025-03-10 23:00:00,-1.8639675
2025-03-11 00:00:00,-1.4495212
2025-03-11 01:00:00,-0.78927416
2025-03-11 02:00:00,-0.1360308
2025-03-11 03:00:00,0.4260372
2025-03-11 04:00:00,0.7888992
2025-03-11 05:00:00,0.8027232
2025-03-11 06:00:00,0.48781353
2025-03-11 07:00:00,-0.04209952
2025-03-11 08:00:00,-0.67914736
2025-03-11 09:00:00,-1.2749002
2025-03-11 10:00:00,-1.6306541
2025-03-11 11:00:00,-1.6456562
2025-03-11 12:00:00,-1.2374117
2025-03-11 13:00:00,-0.5394187
2025-03-11 14:00:00,0.19742762
2025-03-11 15:00:00,0.82997715
2025-03-11 16:00:00,1.231925
2025-03-11 17:00:00,1.2657223
2025-03-11 18:00:00,0.93810993
2025-03-11 19:00:00,0.33943546
2025-03-11 20:00:00,-0.41167608
2025-03-11 21:00:00,-1.1825988
2025-03-11 22:00:00,-1.7672391
2025-03-11 23:00:00,-2.0289874
2025-03-12 00:00:00,-1.8168018
2025-03-12 01:00:00,-1.1490957
2025-03-12 02:00:00,-0.36848935
2025-03-12 03:00:00,0.32463837
2025-03-12 04:00:00,0.86223245
2025-03-12 05:00:00,1.0774144
2025-03-12 06:00:00,0.88788164
2025-03-12 07:00:00,0.42683014
2025-03-12 08:00:00,-0.2276767
2025-03-12 09:00:00,-0.94347554
2025-03-12 10:00:00,-1.5355061
2025-03-12 11:00:00,-1.8128588
2025-03-12 12:00:00,-1.6459146
2025-03-12 13:00:00,-1.0074726
2025-03-12 14:00:00,-0.17772521
2025-03-12 15:00:00,0.6044955
2025-03-12 16:00:00,1.1991668
2025-03-12 17:00:00,1.4556031
2025-03-12 18:00:00,1.2989229
2025-03-12 19:00:00,0.8094472
2025-03-12 20:00:00,0.073063925
2025-03-12 21:00:00,-0.77555
2025-03-12 22:00:00,-1.5371833
2025-03-12 23:00:00,-2.030687
2025-03-13 00:00:00,-2.0838957
2025-03-13 01:00:00,-1.553005
2025-03-13 02:00:00,-0.69001913
2025-03-13 03:00:00,0.14447972
2025-03-13 04:00:00,0.8350501
2025-03-13 05:00:00,1.2526064
2025-03-13 06:00:00,1.2452629
2025-03-13 07:00:00,0.8597266
2025-03-13 08:00:00,0.21505603
2025-03-13 09:00:00,-0.5518713
2025-03-13 10:00:00,-1.3175627
2025-03-13 11:00:00,-1.8372507
2025-03-13 12:00:00,-1.9277298
2025-03-13 13:00:00,-1.4410396
2025-03-13 14:00:00,-0.5780678
2025-03-13 15:00:00,0.28323197
2025-03-13 16:00:00,1.0258843
2025-03-13 17:00:00,1.4988244
2025-03-13 18:00:00,1.5375812
2025-03-13 19:00:00,1.1770396
2025-03-13 20:00:00,0.5089002
2025-03-13 21:00:00,-0.34051228
2025-03-13 22:00:00,-1.2223555
2025-03-13 23:00:00,-1.9004409
2025-03-14 00:00:00,-2.1946542
2025-03-14 01:00:00,-1.8938344
2025-03-14 02:00:00,-1.0392056
2025-03-14 03:00:00,-0.11197747
2025-03-14 04:00:00,0.6837462
2025-03-14 05:00:00,1.2664102
2025-03-14 06:00:00,1.4518498
2025-03-14 07:00:00,1.1788005
2025-03-14 08:00:00,0.5991659
2025-03-14 09:00:00,-0.17336008
2025-03-14 10:00:00,-1.0101107
2025-03-14 11:00:00,-1.689683
2025-03-14 12:00:00,-2.031217
2025-03-14 13:00:00,-1.8300687
2025-03-14 14:00:00,-1.0522395
2025-03-14 15:00:00,-0.12577333
2025-03-14 16:00:00,0.6994696
2025-03-14 17:00:00,1.330967
2025-03-14 18:00:00,1.5827596
2025-03-14 19:00:00,1.3705252
2025-03-14 20:00:00,0.8237752
2025-03-14 21:00:00,0.033723667
2025-03-14 22:00:00,-0.8738836
2025-03-14 23:00:00,-1.6717379
2025-03-15 00:00:00,-2.178986
2025-03-15 01:00:00,-2.1712859
2025-03-15 02:00:00,-1.476322
2025-03-15 03:00:00,-0.4956634
2025-03-15 04:00:00,0.3875544
2025-03-15 05:00:00,1.1015874
2025-03-15 06:00:00,1.5011551
2025-03-15 07:00:00,1.4191263
2025-03-15 08:00:00,0.9677478
2025-03-15 09:00:00,0.24425788
2025-03-15 10:00:00,-0.602335
2025-03-15 11:00:00,-1.4280049
2025-03-15 12:00:00,-1.996971
